{"cameraMode":{"drawMode":0,"name":"Shaded","section":"Shading Mode"},"sceneLighting":false,"audioPlay":false,"sceneViewState":{"showFog":true,"showMaterialUpdate":false,"showSkybox":true,"showFlares":true,"showImageEffects":true,"showParticleSystems":true},"in2DMode":false,"pivot":{"x":-98.09259796142578,"y":1354.6556396484375,"z":17.384033203125},"rotation":{"x":-0.005054502747952938,"y":0.007182291243225336,"z":0.000038602043787250295,"w":0.9999614357948303},"size":585.3798828125,"orthographic":false}