{"cameraMode":{"drawMode":0,"name":"Shaded","section":"Shading Mode"},"sceneLighting":false,"audioPlay":false,"sceneViewState":{"showFog":true,"showMaterialUpdate":false,"showSkybox":true,"showFlares":true,"showImageEffects":true,"showParticleSystems":true},"in2DMode":false,"pivot":{"x":-0.2332840859889984,"y":0.3810866177082062,"z":-0.23600220680236817},"rotation":{"x":0.1608458310365677,"y":-0.831189751625061,"z":0.3080494999885559,"w":0.4340020418167114},"size":3.3708298206329347,"orthographic":false}