{"cameraMode":{"drawMode":0,"name":"Shaded","section":"Shading Mode"},"sceneLighting":false,"audioPlay":false,"sceneViewState":{"showFog":true,"showMaterialUpdate":false,"showSkybox":true,"showFlares":true,"showImageEffects":true,"showParticleSystems":true},"in2DMode":false,"pivot":{"x":0.353442907333374,"y":0.857546329498291,"z":0.11525881290435791},"rotation":{"x":-0.279629647731781,"y":-0.06789333373308182,"z":0.019825594499707223,"w":-0.9574992060661316},"size":4.955506324768066,"orthographic":false}